Employee_ID,Employee_Name,Department,Revenue_Generated,Projects_Completed,Working_Hours,Customer_Rating,Salary
101,Aman,Sales,150000,12,180,4.5,45000
102,Simran,Marketing,120000,10,175,4.2,42000
103,Rahul,IT,200000,15,190,4.8,55000
104,Priya,Finance,170000,13,185,4.6,50000
105,Karan,Sales,140000,11,178,4.1,44000
106,Neha,Marketing,130000,12,180,4.4,43000
107,Arjun,IT,210000,16,192,4.9,57000
108,Mehak,Finance,165000,12,183,4.5,49000
109,Rohit,Sales,155000,13,181,4.3,46000
110,Anjali,IT,220000,17,195,5.0,58000